Date;Commit Hash;LOC;Total LOC
2021-11-29T11:55:31-08:00;cce55aa5311300e3ce6af93cb45ba791fd1bdf49;5386070;6092541
2021-09-21T10:45:37-07:00;30eced4508bf86c4c59a1fef96bd0b23363db283;5386070;6092542
2021-06-14T10:53:17-07:00;d42280b16cb466a608e7e723d8edfbe5977253b6;5386064;6092508
2021-03-31T12:36:36-07:00;8896becacde63dd1f27db6d18e8a4025e9b9c50c;5386064;6092508
2020-10-13T16:52:18-07:00;a89e203d60529d2d72547c03ec9753ea979ee342;5386064;6092508
2020-08-12T11:27:34-07:00;4fd068b3fa79c8055d3bc3736bd2f1a487021e6e;5386071;6092419
2020-06-09T17:38:22-07:00;649167699616b002dd1408f648569e04238fdbc7;5333872;6036847
2020-04-10T13:11:41-07:00;58a8ea473dc8f79f39798c5160b4d21cb504482b;5331996;6034874
2020-02-10T13:36:59-08:00;08f12015f139a06471da0816b7437704e5bad919;5284596;5987351
2019-12-12T23:42:08-08:00;51f6bc2982df266ac9fadd8ffc48b6a7bf6401c0;8388745;12396057
2019-10-12T15:35:29-07:00;e8acf30f32b1248191b9f2a62a068c76c51bd34d;8380322;12387209
2019-08-13T18:21:15-07:00;455061d09378a16f48217b5bee9f31a66fda27bc;5898138;9494774
2019-06-03T10:44:59-07:00;411fa92aa926726a01f5218615e80d0a38fdf82e;5824665;9390792
2019-04-04T12:35:08-07:00;e5c2d3443bfd007397ec3baf76da06a8f09a8e7f;5821808;9387266
2019-02-03T22:28:39-08:00;bfa737595749f2fe3bd0af9ae0333cd86d1cb586;5470107;8969244
2018-12-05T16:07:20-08:00;251b66e8daf7b3cec8cf161c2ab0ff6803a1cbab;4910924;5327479
2018-10-04T15:07:12-07:00;3c6b0320a0637b3573d77424977acea3ff0a583f;4907592;5309184
2018-08-03T14:29:02-07:00;b9ab70effc7b1064e76a4f15ea1546b000eec41c;4907094;5308407
2018-06-04T18:37:12-07:00;7bafdb430e13248184c5f95e3eb75e287695c9dd;4906541;5307569
2018-04-04T14:22:49-07:00;deb6083ad492cf0ed4091745d60f02e474907661;4848063;5243660
2018-02-02T20:24:08-05:00;2d19cc84d68a0ee8e60af36c2098ce0bfe17292a;4856943;5252191
